Boiler Load (MW),Inlet NOx (mg/m³),Inlet O₂ (%),Flue Gas Flow (m³/h),NH₃ Flow (kg/h),Flue Gas Temp (°C),Coal Feed Rate (t/h),NOx Emission (mg/m³),NOx_Diff,NOx_per_NH3,Maintenance_Required
830.0610949,341.9154567,173.84545,76.2969931,4.54674927,365.793818,1522.183117,41.30754641,300.60791029,75.19998055665822,False
772.1599256,328.8692531,177.0976938,62.67610357,4.443201386,358.3168421,1423.844427,36.71132032,292.15793278,74.01628342488097,False
850.6181345,360.1233237,147.2954765,59.45804561,4.425983916,366.5288156,1538.393157,29.09846875,331.02485495,81.36570998329856,False
874.7716554,380.5611297,159.935469,63.30752416,4.529150643,368.1138107,1588.15017,33.85361792,346.70751178,84.0248337264237,False
830.2328722,336.1928031,181.566778,79.52007591,4.63730184,365.770818,1534.651531,46.24161142,289.95119167999997,72.49750279356411,False
